{"gameId": 12,"prizePool": "8396.543283370827536048","numberOfWinners": 2,"goldWinners": 0,"silverWinners": 0,"bronzeWinners": 2,"winningNumbers": [9,10,25,5],"payouts": ["0","0","587.758029835957927523"], "difficulty": 0}
