{"gameId": 13,"prizePool": "8209.061790865203405642","numberOfWinners": 1,"goldWinners": 0,"silverWinners": 0,"bronzeWinners": 1,"winningNumbers": [23,17,17,2],"payouts": ["0","0","1149.268650721128476789"], "difficulty": 0}
