{"gameId": 14,"prizePool": "7946.702522235422894797","numberOfWinners": 1,"goldWinners": 0,"silverWinners": 0,"bronzeWinners": 1,"winningNumbers": [19,18,23,1],"payouts": ["0","0","1112.538353112959205271"], "difficulty": 0}
