
{"gameId": 15,"prizePool": "7593.697143900109460579","numberOfWinners": 2,"goldWinners": 0,"silverWinners": 0,"bronzeWinners": 2,"winningNumbers": [11,14,9,2],"payouts": ["0","0","531.55880007300766224"], "difficulty": 0}
