
{"gameId": 17,"prizePool": "8850.78614659194211108","numberOfWinners": 2,"goldWinners": 0,"silverWinners": 0,"bronzeWinners": 2,"winningNumbers": [13,12,5,10],"payouts": ["0","0","619.555030261435947775"], "difficulty": 0}
