{"gameId": 18,"prizePool": "9100.16822460315079442","numberOfWinners": 7,"goldWinners": 1,"silverWinners": 1,"bronzeWinners": 5,"winningNumbers": [14,13,15,4],"payouts": ["5460.100934761890476652","2275.042056150787698605","254.804710288888222243"], "difficulty": 0}
